{
    "model_version": "YOLOv11n (Improved, imgsz=320)",
    "metrics": {
        "mAP@0.5": 0.8567949405874454,
        "mAP@0.5:0.95": 0.5891938860402158,
        "Precision": 0.821951301644953,
        "Recall": 0.77466251298027
    },
    "test_images_count": 751
}